epoch,steps,MAP,MRR@10,NDCG@10
0.5319148936170213,100,0.9468809523809525,0.9461666666666667,0.9571031862602232
1.0638297872340425,200,0.9539444444444445,0.9539444444444445,0.965113486216863
1.5957446808510638,300,0.9538333333333333,0.9538333333333333,0.9649938345234019
2.127659574468085,400,0.9540833333333333,0.9540833333333333,0.9652578350280803
2.6595744680851063,500,0.9490833333333333,0.9490833333333333,0.961567132563795
